{"cameraMode":{"drawMode":0,"name":"Shaded","section":"Shading Mode"},"sceneLighting":true,"audioPlay":false,"sceneViewState":{"m_AlwaysRefresh":false,"showFog":true,"showSkybox":true,"showFlares":true,"showImageEffects":true,"showParticleSystems":true,"showVisualEffectGraphs":true,"m_FxEnabled":true},"in2DMode":false,"pivot":{"x":-0.37982529401779177,"y":-0.47524982690811159,"z":1.618064284324646},"rotation":{"x":0.25849291682243349,"y":-0.6006962060928345,"z":0.21415601670742036,"w":0.7256566286087036},"size":4.034546852111816,"orthographic":false}